<?xml version="1.0"?>
<!DOCTYPE module PUBLIC
        "-//Checkstyle//DTD Checkstyle Configuration 1.3//EN"
        "https://checkstyle.org/dtds/configuration_1_3.dtd">

<module name="Checker">
    <property name="severity" value="error"/>
    <property name="fileExtensions" value="java"/>

    <module name="TreeWalker">

        <!-- ❌ Вилучено: вимагає package-info.java -->
        <!-- <module name="JavadocPackage"/> -->

        <!-- ❌ Вилучено: примушує до final класів -->
        <!-- <module name="FinalClass"/> -->

        <!-- ❌ Вилучено: вимагає документації для методів не-final класів -->
        <!-- <module name="DesignForExtension"/> -->

        <!-- ❌ Вилучено: вимагає final у параметрів -->
        <!-- <module name="FinalParameters"/> -->

        <!-- ❌ Вилучено: забороняє таби -->
        <!-- <module name="FileTabCharacter"/> -->

        <!-- ❌ Вилучено: вимагав пробіли навколо фігурних дужок -->
        <!-- <module name="WhitespaceAround"/> -->

        <!-- Можеш залишити базові перевірки, які не заважають -->
        <module name="EmptyBlock"/>
        <module name="UnusedImports"/>
        <module name="RedundantImport"/>
        <module name="NeedBraces"/>
        <module name="LeftCurly"/>
        <module name="RightCurly"/>
        <module name="MethodName"/>
        <module name="TypeName"/>
        <module name="ParameterName"/>
        <module name="LocalVariableName"/>
    </module>
</module>
